Location,Size_sqft,Bedrooms,Bathrooms,Year_Built,Lot_Size_acres,Condition,Garage,Nearby_Schools,Price
Suburb,2424,4,3,1951,0.53,Good,0,2,257314.40724039724
Countryside,3572,3,3,1980,0.86,Good,1,3,418781.5220976274
Downtown,3936,5,1,1960,0.88,Good,1,2,365970.412592132
Countryside,3947,4,1,1995,1.96,Fair,0,4,438392.3077411466
Countryside,1510,3,3,2011,0.44,Fair,1,1,230104.82907149737
Countryside,2990,1,3,2018,1.62,Excellent,1,1,391265.5225723103
Countryside,1716,4,3,2013,0.73,Poor,1,2,276221.01695175946
Suburb,3675,3,3,1959,1.49,Excellent,0,0,479853.2013565245
Downtown,3452,1,1,1989,0.9,Poor,1,2,380535.2120990548
Countryside,2296,5,2,1973,1.2,Excellent,1,3,355200.8101012951
Suburb,2240,5,1,1993,1.68,Fair,0,1,331273.9196110809
Downtown,1104,5,2,2009,1.63,Excellent,1,1,295074.13399403694
Downtown,1535,5,3,2011,1.75,Poor,1,1,244356.57742367114
Downtown,3138,2,2,1966,0.21,Good,0,0,340603.284178033
Downtown,2763,4,1,2014,1.41,Poor,0,0,281734.3272384186
Countryside,2949,4,1,2006,0.37,Good,1,4,317173.1736269559
Countryside,2809,2,3,2004,0.89,Fair,1,2,370930.3833287592
Suburb,3714,3,1,2002,1.14,Poor,0,2,444167.53337417817
Suburb,3815,3,3,2005,0.87,Excellent,0,3,389613.6813415629
Suburb,3821,5,1,1958,1.09,Poor,1,1,477512.62928904616
Downtown,3689,1,1,1971,1.99,Good,1,0,464946.84305088886
Downtown,1761,3,3,1962,0.36,Fair,1,3,291585.67597678385
Countryside,3789,1,2,1997,1.38,Excellent,0,3,377764.26012735267
Downtown,1826,4,1,1967,0.85,Poor,1,0,291479.9148518369
Downtown,2932,1,2,1989,0.35,Good,0,2,291209.159844361
Downtown,3175,4,1,1966,0.4,Excellent,0,1,374140.65963606106
Suburb,3663,2,1,1964,1.9,Fair,0,2,301967.4432829325
Suburb,2273,2,1,1964,1.77,Excellent,1,3,268144.0856931077
Countryside,3301,5,1,2012,1.82,Fair,1,1,445240.5987614501
Downtown,2747,3,2,1988,1.98,Excellent,1,4,388298.3249752496
Downtown,3476,5,2,1962,0.5,Poor,0,3,340938.61483917
Countryside,1977,4,1,1981,0.78,Good,1,2,266779.3740820624
Downtown,1464,5,1,1958,1.37,Poor,0,2,245325.59553089476
Downtown,811,1,2,1989,1.02,Poor,0,2,120558.28261022753
Suburb,1956,4,3,1969,0.89,Fair,0,0,284468.1563474523
Countryside,1103,2,3,2012,0.78,Fair,0,3,178949.61577806558
Countryside,3822,3,2,1993,1.23,Fair,0,1,330890.6654089416
Countryside,2563,4,1,1987,1.19,Poor,0,2,290534.19405757834
Countryside,3630,4,1,2009,0.41,Excellent,1,2,429253.86125847284
Suburb,842,1,3,2020,1.0,Excellent,0,0,186131.29437576694
Suburb,1743,3,3,1997,1.15,Poor,1,1,240831.06517838122
Downtown,3190,2,2,1967,1.18,Poor,0,3,419635.6039256736
Downtown,2149,4,3,1965,0.5,Good,1,4,350634.7367496027
Downtown,3345,4,2,2004,1.51,Fair,1,0,304447.1617851957
Downtown,3211,1,3,1988,0.15,Fair,1,3,336358.7421007345
Suburb,1690,5,3,2017,0.77,Poor,1,4,316743.23512836546
Countryside,3274,2,3,2008,1.58,Poor,0,2,331774.3777154263
Suburb,1804,3,1,2011,1.17,Excellent,0,2,241122.98229864982
Downtown,820,4,1,1962,0.6,Poor,0,1,152606.77563518664
Suburb,1206,4,1,1955,1.42,Excellent,0,4,253622.6340657457
Countryside,3466,2,3,2009,1.18,Poor,1,2,399556.1576063331
Countryside,1814,5,2,1963,1.61,Good,1,2,260455.3939563919
Suburb,1135,4,2,2003,1.5,Good,1,1,236814.3188058956
Suburb,2638,2,2,1953,1.26,Excellent,0,3,357082.26536050974
Suburb,3988,1,2,1988,1.03,Fair,1,2,342986.0739868919
Downtown,1947,5,1,2021,0.35,Good,0,0,276283.2222635091
Suburb,3246,3,1,1974,0.6,Excellent,1,0,392622.2976425706
Suburb,3640,4,3,1981,0.9,Poor,1,3,372734.3086293109
Suburb,2627,2,3,2008,1.24,Poor,1,4,392652.6441803751
Countryside,1514,1,2,2012,1.08,Excellent,1,1,278192.53288745304
Countryside,850,3,1,1987,0.65,Fair,1,0,176660.87407439394
Downtown,1123,2,2,2002,0.11,Excellent,0,0,166672.35559888833
Downtown,1588,2,3,2016,1.04,Excellent,1,3,268035.72353313613
Countryside,940,3,3,1977,0.64,Good,0,4,215418.72325565293
Countryside,1269,1,2,1952,1.5,Excellent,0,4,213879.26200616805
Countryside,1586,1,3,1971,0.15,Excellent,0,3,275418.4512578873
Suburb,2625,5,2,1987,1.21,Poor,0,0,265403.78071609745
Suburb,2157,4,1,2021,1.89,Good,0,1,303625.4060547896
Countryside,2716,3,2,2021,0.43,Poor,0,0,279018.63951907645
Suburb,1763,3,1,2011,1.0,Poor,0,4,263050.91305117874
Suburb,3855,3,1,2006,0.27,Fair,0,0,303096.7678134367
Downtown,1172,1,3,1955,1.29,Fair,1,1,187753.5426832841
Countryside,3341,4,3,1981,1.15,Good,1,2,370825.47573043336
Countryside,2492,5,3,1959,0.87,Good,0,0,382634.8399740923
Suburb,3598,2,2,1952,1.09,Fair,0,3,281634.3696130316
Countryside,1979,2,2,2008,1.8,Fair,0,2,309565.33553193917
Downtown,3138,3,3,1998,0.47,Fair,1,3,421706.78033896576
Downtown,2471,4,2,2008,0.14,Fair,1,3,293479.8620162627
Downtown,905,1,3,1980,1.74,Fair,0,3,186345.402124139
Countryside,2243,4,2,2018,1.2,Poor,0,0,224582.60079199052
Countryside,3517,4,1,2011,1.79,Good,1,4,521651.30701909325
Countryside,2481,1,1,2001,1.23,Poor,1,2,287757.10262826335
Countryside,801,3,3,1990,1.64,Poor,0,1,173066.4050939211
Countryside,3436,4,2,1980,0.92,Excellent,0,4,396559.7959237655
Downtown,3491,2,2,1971,1.52,Poor,0,0,269608.05444652983
Suburb,2937,1,1,1953,1.83,Fair,0,3,389201.9761370734
Downtown,1149,5,1,1962,1.19,Fair,1,1,195432.3222489073
Countryside,2086,3,3,1994,0.44,Excellent,1,2,344451.8129443217
Downtown,3979,1,1,1991,0.61,Excellent,0,4,405755.3128171999
Countryside,1862,5,3,1998,0.48,Excellent,0,4,357646.0999133694
Countryside,3756,5,1,1969,0.57,Excellent,0,1,372635.7512296161
Downtown,3006,4,1,2003,0.68,Excellent,1,0,374886.64963788306
Countryside,3806,4,2,1985,1.15,Poor,0,2,394592.3864932979
Suburb,3159,4,1,1950,1.22,Excellent,0,1,398396.7548377135
Countryside,1244,1,1,1964,0.91,Poor,0,3,143209.23642744054
Suburb,3145,1,3,1966,1.27,Good,1,2,329361.34069617256
Suburb,1751,3,1,1973,0.25,Excellent,0,4,231982.149999129
Countryside,835,4,3,2007,0.27,Excellent,1,1,234586.79401464056
Downtown,1907,5,1,2021,0.43,Poor,0,4,240997.37469475466
Suburb,2275,2,1,1972,1.08,Good,0,4,306246.6881425986
Downtown,2598,3,3,1995,0.51,Poor,0,4,276798.1722830739
Suburb,2645,1,2,2021,0.64,Poor,1,0,335969.8996486062
Countryside,2208,3,3,1957,0.86,Excellent,0,4,359632.2741756561
Countryside,1995,3,3,2008,1.64,Fair,0,3,294027.6742504885
Suburb,2199,3,3,2008,0.13,Fair,1,3,284270.36181879917
Countryside,2508,3,2,1962,1.33,Poor,1,2,287751.8449871944
Suburb,2185,2,1,1988,1.37,Excellent,1,4,280036.57441639254
Countryside,3406,4,3,1977,1.62,Good,0,4,390053.56297643343
Downtown,3738,5,3,2010,1.87,Fair,1,1,473103.6672717799
Countryside,2988,3,2,1965,0.14,Good,0,0,337077.3695375961
Downtown,3734,3,3,1951,0.39,Fair,1,2,492766.5066550491
Countryside,3989,3,1,1966,1.78,Excellent,1,4,451338.50000396965
Downtown,2100,4,2,1979,0.97,Poor,1,1,308784.65094448143
Countryside,3573,1,1,1962,1.17,Good,0,0,344456.50883643044
Downtown,2043,1,1,1962,1.36,Good,0,2,255931.66045665822
Suburb,3897,2,2,1992,1.39,Poor,0,2,353791.8252006123
Suburb,1320,1,3,1970,1.87,Good,0,4,240760.75127157196
Downtown,2606,3,1,2004,1.99,Fair,0,2,319294.28511075577
Countryside,809,3,1,1989,1.47,Poor,0,1,173332.6900047444
Downtown,1783,3,1,1964,0.65,Fair,0,2,258754.05592744204
Countryside,3225,2,1,2001,1.77,Fair,0,3,319109.05599405384
Suburb,2456,3,2,2002,0.19,Excellent,0,1,265299.21754178347
Countryside,2460,1,2,2001,0.54,Fair,1,0,277519.3004365787
Suburb,3529,4,1,1979,1.81,Excellent,1,0,443734.2020577208
Countryside,3431,4,3,1982,0.59,Good,0,4,354288.9765466801
Countryside,2999,5,1,2006,0.52,Good,0,4,416057.66771109623
Countryside,1519,1,3,2001,0.36,Excellent,0,3,281212.36578613124
Downtown,1872,3,1,1958,1.73,Fair,0,0,285273.51351199194
Downtown,1658,4,3,2003,1.05,Poor,1,0,241034.09061848075
Suburb,2116,1,1,1950,1.38,Poor,1,0,287579.43078150053
Suburb,2403,4,3,1993,0.55,Excellent,0,0,359939.91041486396
Downtown,849,3,1,1958,1.54,Good,1,2,195061.7866336034
Suburb,3511,4,1,1981,1.54,Good,1,1,419670.2600537062
Downtown,3378,5,3,1964,0.69,Poor,0,1,436747.46955453715
Countryside,3931,5,2,1961,0.88,Excellent,0,3,456062.52238592226
Suburb,3704,4,3,2006,0.5,Poor,0,2,378909.0047582695
Suburb,945,1,2,1957,1.96,Fair,0,0,156785.94404547784
Downtown,1714,1,1,2021,1.33,Fair,1,0,229302.42420580372
Suburb,3840,1,3,1976,1.88,Excellent,0,4,384072.909525443
Suburb,2262,4,3,2011,0.68,Excellent,1,4,404075.66429319663
Countryside,3089,1,3,1961,1.59,Fair,0,3,369973.1742467339
Suburb,1380,3,2,2014,1.56,Good,1,0,255550.5552962867
Countryside,3534,5,2,1991,1.41,Excellent,0,3,371049.98316611873
Downtown,2384,3,1,2011,1.93,Fair,0,2,316254.53343017295
Suburb,1282,1,2,1960,0.85,Fair,1,1,167032.57844948737
Countryside,3979,3,2,1992,0.35,Good,1,0,354002.9024801246
Downtown,2049,1,1,1966,1.38,Good,1,2,271055.0012585632
Suburb,1472,4,3,1981,1.49,Good,0,0,244939.01530582202
Downtown,1430,3,3,1989,1.19,Good,1,4,291510.93431616994
Suburb,3508,4,1,1972,0.49,Poor,1,3,311118.5682772397
Downtown,1461,4,3,2005,1.06,Good,1,4,289168.31274099223
Downtown,3652,2,2,1955,0.69,Poor,1,1,302857.05416724586
Countryside,3266,1,1,1999,0.91,Excellent,1,4,467620.44403140823
Downtown,1787,5,1,1986,1.33,Fair,1,0,267298.77148108283
Suburb,2346,1,1,2013,1.52,Poor,1,4,317875.34378836374
Suburb,1449,5,3,2003,0.54,Excellent,1,0,264473.55443545495
Countryside,1768,1,1,2021,0.87,Excellent,1,1,226867.92006649403
Suburb,3437,4,1,1998,0.61,Poor,0,4,452791.4077693508
Suburb,1900,3,1,1960,0.48,Excellent,0,3,248568.6083614024
Suburb,3356,3,3,1998,1.59,Excellent,1,3,423634.01347212575
Downtown,1240,2,2,1970,1.83,Poor,0,3,219563.56314555963
Downtown,1720,5,1,2015,0.8,Excellent,0,4,249368.96760100557
Suburb,1569,5,2,2012,1.53,Good,1,4,336150.8287890812
Countryside,2143,5,3,1977,1.8,Good,1,4,352709.35306156665
Downtown,2626,4,3,1966,1.71,Fair,1,0,313524.9166621363
Countryside,1062,5,3,1955,0.45,Excellent,1,1,231459.3840190301
Suburb,2377,3,3,1968,1.92,Fair,1,3,291121.9366791374
Suburb,3484,4,2,2005,0.82,Good,1,0,472088.89821226866
Downtown,3306,1,1,1977,0.74,Good,0,3,387453.8042166028
Suburb,1798,5,3,2015,0.22,Good,1,0,273548.1647751564
Downtown,1499,5,3,1987,1.02,Excellent,0,4,270927.77733262995
Suburb,3149,1,2,1986,0.31,Excellent,1,3,395505.38093527587
Suburb,2403,5,2,2017,0.57,Good,1,4,371980.78827502695
Downtown,2041,1,3,1998,0.7,Fair,0,3,238805.2174709629
Downtown,1925,4,1,1992,1.64,Fair,1,2,273575.6019845436
Downtown,3401,3,1,1985,1.76,Poor,1,0,315669.2676217449
Suburb,3135,1,3,2007,0.67,Good,0,2,387038.5644622559
Suburb,1990,2,2,1962,1.73,Fair,1,0,311242.4687654901
Countryside,3468,1,3,2001,1.73,Good,0,1,332807.02362810564
Downtown,1805,5,3,2007,1.55,Fair,1,3,325960.77495639917
Suburb,835,4,2,1981,0.38,Poor,1,1,172033.7260773945
Suburb,1543,4,3,2009,1.41,Poor,0,1,231247.03488260088
Downtown,2564,1,3,2007,1.9,Good,1,0,314671.68131238583
Countryside,1152,3,3,2005,1.4,Fair,0,2,240835.76883809775
Downtown,2722,2,2,1977,0.73,Excellent,0,4,336938.2877244395
Countryside,872,4,1,1950,1.05,Poor,0,0,148060.4951558443
Suburb,3495,5,1,1991,1.33,Good,1,4,405535.9695113327
Countryside,2176,5,2,1997,1.07,Good,1,1,293992.7610645641
Suburb,2714,3,1,1989,0.33,Fair,0,4,250534.03967912274
Downtown,1893,4,3,2012,0.69,Good,1,2,327234.3766885433
Downtown,3272,1,1,2021,1.62,Poor,1,0,297498.9284841332
Downtown,3846,5,3,1953,1.74,Good,1,2,508067.4906105058
Countryside,1507,3,1,1987,0.36,Good,0,2,223696.86520963797
Suburb,2604,4,2,1976,1.91,Excellent,1,0,354872.8790888526
Downtown,3408,4,1,1958,0.72,Excellent,0,2,394953.8453342083
Downtown,3675,4,1,1965,1.36,Poor,1,3,391928.43836843607
Suburb,1755,4,1,2005,1.53,Fair,1,3,236962.40300128228
Downtown,3364,4,2,1980,1.64,Excellent,0,3,386140.07044247864
Suburb,3275,5,1,1963,1.9,Fair,1,4,429749.50156363245
Suburb,959,3,2,1974,0.69,Poor,0,2,184222.36205043236
Suburb,2996,4,3,1983,1.73,Excellent,1,0,378486.40122455114
Suburb,3623,2,1,2016,0.35,Fair,0,0,345641.59080092516
Suburb,2535,2,2,1973,1.44,Excellent,1,4,312490.43615051307
Countryside,2385,3,2,1975,1.51,Poor,1,0,270524.8707224329
Downtown,866,1,1,1969,1.39,Poor,1,3,139694.9389280061
Countryside,3861,1,3,2013,0.58,Excellent,0,2,501748.9214596901
Downtown,3228,1,2,1959,1.76,Fair,0,0,287118.0557430899
Countryside,857,2,1,2016,0.42,Good,0,0,145422.82662672744
Suburb,1141,1,3,1973,0.2,Good,1,1,199034.26173240476
Downtown,1953,5,2,1954,1.46,Excellent,0,1,274802.3982010586
Downtown,3574,4,2,2016,1.0,Fair,0,1,417903.2772245095
Countryside,1995,2,3,2007,1.71,Good,0,2,257894.50957946427
Countryside,3617,3,3,1976,0.83,Poor,0,3,316236.50880112045
Downtown,3461,3,1,1964,0.42,Fair,0,3,370404.15153641556
Countryside,2032,4,1,1984,1.69,Good,0,3,291027.5190409146
Countryside,3201,2,2,2002,1.14,Fair,0,2,371064.0496635253
Countryside,2294,1,3,1993,0.46,Excellent,0,2,307501.6182136653
Suburb,2621,1,3,1975,1.47,Fair,0,1,267174.5747297113
Suburb,915,5,3,1996,1.07,Good,0,0,232166.37873488676
Countryside,1461,5,2,1983,1.25,Excellent,1,4,268927.79234539496
Countryside,2265,1,3,1999,0.98,Fair,1,4,305669.47588381346
Suburb,3300,3,3,1961,1.67,Poor,0,0,351237.43733243074
Suburb,2668,3,2,1953,1.68,Good,1,1,324632.3359478466
Downtown,3134,5,1,1997,1.45,Excellent,1,0,430237.5831457797
Downtown,1816,4,1,2004,0.3,Fair,0,0,254205.09018449765
Suburb,1110,1,2,1950,1.69,Poor,0,4,200920.21083685075
Countryside,1007,5,3,2015,1.37,Good,0,1,240251.85540623142
Countryside,3465,5,2,1979,1.42,Poor,1,2,385703.2927275287
Countryside,3293,1,1,1952,0.79,Fair,0,4,274353.34905059764
Countryside,3517,1,1,1970,1.77,Fair,1,2,334356.3473201304
Downtown,1432,3,2,1998,1.48,Excellent,0,1,249172.97643552322
Suburb,2902,4,2,2011,0.31,Poor,1,0,316888.9944558309
Countryside,3759,4,1,1987,0.87,Excellent,1,3,530223.4395273582
Downtown,3883,1,2,1964,1.78,Good,0,3,386825.56504535605
Countryside,1456,2,1,2001,0.19,Excellent,0,1,208119.7662353877
Suburb,2223,5,2,1995,1.93,Good,1,3,344373.86105703656
Downtown,2731,5,2,1974,1.39,Fair,1,2,399623.4897257037
Suburb,3827,1,2,1970,1.3,Fair,0,3,406372.3451940547
Suburb,3362,2,1,1954,0.61,Poor,0,1,333513.78373860585
Downtown,2479,3,2,2019,0.57,Good,1,1,302506.0276244797
Downtown,1036,1,1,1996,1.89,Fair,0,2,186031.43635992036
Downtown,1147,1,1,2017,0.67,Poor,1,3,169564.16744874947
Downtown,3474,5,2,1967,1.57,Poor,0,3,451995.4688351303
Downtown,3975,1,2,1970,0.85,Excellent,0,0,413492.0425840435
Downtown,1429,1,1,1972,0.36,Poor,0,4,176184.97928099084
Downtown,2340,1,1,2013,0.12,Fair,1,1,262884.57184396917
Countryside,2803,5,3,2016,1.13,Excellent,0,0,398275.2866043164
Suburb,2071,3,1,1989,1.95,Good,1,1,258774.85991592827
Downtown,1163,3,3,1959,0.8,Good,0,0,225670.7404530471
Countryside,3168,1,3,2001,0.78,Fair,1,4,345544.54080932465
Countryside,1085,5,3,2021,0.75,Fair,1,0,218983.93369372922
Countryside,948,3,2,2010,1.09,Excellent,0,1,204780.8398110543
Suburb,1907,3,2,2013,0.94,Excellent,1,3,315889.0234450775
Downtown,3253,3,1,1954,1.77,Fair,1,1,371916.89874940424
Countryside,3825,5,3,2002,1.06,Fair,1,2,426557.43032187765
Suburb,1255,5,2,2004,1.06,Good,1,2,284361.92088763777
Suburb,2566,1,2,1986,0.36,Good,0,2,286801.0246398087
Suburb,1599,4,2,2005,1.97,Good,0,2,305245.3353488335
Countryside,1984,3,2,2008,0.57,Fair,0,4,274469.3297681003
Downtown,1812,4,2,2018,0.24,Poor,1,3,290955.5009700629
Countryside,3631,5,3,2008,1.36,Fair,1,3,377835.5642095259
Countryside,3307,5,3,1951,1.23,Fair,0,1,357085.1152886055
Downtown,2323,5,3,2014,0.89,Good,0,0,306719.8605230868
Downtown,3585,4,3,2009,0.9,Fair,1,1,431396.7180734841
Downtown,3356,5,1,2000,1.59,Excellent,0,1,472188.8486663072
Suburb,1280,1,3,1979,0.47,Fair,0,1,153211.64593676844
Downtown,2486,5,2,1960,1.66,Fair,1,1,289763.0473969575
Countryside,2961,2,3,1988,1.33,Fair,0,3,383488.53669273254
Downtown,3596,4,1,2021,0.9,Fair,1,0,339983.44546969666
Countryside,2401,2,2,2012,0.97,Poor,0,1,287536.82819670014
Suburb,3208,5,3,2013,0.59,Fair,1,3,417003.65243067313
Countryside,1140,1,3,2010,1.53,Excellent,1,1,255325.93490857206
Countryside,3617,3,3,2003,1.07,Excellent,1,2,377944.3293439136
Downtown,2810,5,2,2007,0.71,Fair,1,1,299734.5066840269
Downtown,3608,1,2,2005,1.23,Good,1,1,405950.03219420667
Countryside,3816,4,1,1983,1.99,Poor,0,4,498210.04706077714
Downtown,3296,2,2,1980,0.93,Fair,0,2,336039.6305795003
Suburb,2666,2,2,2001,1.85,Fair,0,0,275637.3819639508
Suburb,1634,2,3,1950,0.76,Fair,1,1,250797.51770526727
Downtown,2003,4,2,2004,0.2,Good,0,0,304575.42734458484
Suburb,2525,1,3,1971,0.49,Good,1,2,354789.13889663375
Downtown,2489,4,3,1989,0.9,Good,1,1,415432.9353557492
Countryside,1110,2,2,1950,0.52,Poor,0,4,143823.55636773194
Countryside,1061,5,1,2014,0.1,Excellent,1,3,228112.12457701203
Suburb,2242,3,1,2012,1.84,Poor,0,4,297497.3362733983
Downtown,1205,4,2,2003,1.7,Good,1,4,295206.73046986444
Downtown,2990,4,1,1991,1.51,Excellent,1,3,364459.0291748616
Suburb,1141,1,3,1970,0.42,Excellent,0,3,187432.99257235217
Countryside,2139,1,3,1971,0.33,Good,1,3,312713.06174381945
Suburb,3972,4,2,1987,0.23,Good,0,1,338971.4361752518
Countryside,1043,2,1,1957,1.48,Poor,1,0,158489.30507143182
Downtown,1289,3,1,2011,1.86,Good,0,0,235000.40439607564
Countryside,811,1,3,1996,0.92,Excellent,1,3,226552.13874490562
Suburb,1360,2,2,1966,0.33,Fair,0,4,218502.83066190884
Downtown,841,5,1,1966,1.07,Good,0,2,201680.26267025917
Suburb,3525,1,2,1962,0.76,Good,1,3,403702.6157488995
Suburb,1393,2,1,1966,0.81,Poor,0,4,195159.39819739014
Countryside,2252,2,3,1987,1.28,Poor,1,4,308941.5729336119
Suburb,2626,3,3,1994,1.47,Good,1,1,367130.4563895725
Countryside,2493,3,2,1955,0.31,Excellent,0,1,283753.3391736357
Downtown,933,5,3,1984,0.17,Excellent,0,0,191767.86435472296
Countryside,3938,2,1,1963,1.99,Fair,0,0,316546.59222462546
Downtown,3878,2,3,2021,0.54,Good,0,2,357641.52399659145
Countryside,1747,3,2,2010,0.2,Poor,0,2,234582.28966791526
Suburb,872,1,2,1964,0.46,Excellent,1,2,212059.30392380647
Countryside,1198,1,2,2003,0.17,Fair,0,2,183899.4711910942
Countryside,2228,4,1,1976,0.84,Good,1,4,363662.1233081081
Downtown,3425,3,1,1962,1.62,Excellent,0,4,384415.57559734315
Suburb,3706,4,1,1980,0.75,Good,0,0,376239.3383274763
Countryside,929,3,1,1984,0.94,Good,0,1,175523.52360426396
Suburb,3778,5,1,2009,1.38,Excellent,1,1,405708.84453401034
Countryside,2611,2,3,1955,1.07,Excellent,0,3,286351.83472064335
Countryside,2801,5,1,2018,1.74,Excellent,1,4,432549.79880045314
Suburb,1065,3,1,2007,1.75,Good,1,2,256050.7883921462
Countryside,2360,2,3,1998,0.12,Good,1,2,280987.905184131
Suburb,2785,1,1,1972,1.58,Fair,0,3,242535.86117097386
Countryside,1592,1,2,1983,0.98,Poor,1,1,236981.72187318507
Downtown,3100,4,1,1975,1.98,Good,0,2,330267.83103613224
Suburb,3669,3,1,1996,1.02,Poor,1,1,456590.1560919947
Countryside,2112,3,2,1954,1.98,Excellent,0,3,345016.7120388448
Countryside,963,1,2,1969,1.53,Good,1,1,212618.18080899626
Downtown,894,5,2,1955,0.57,Fair,0,1,169620.04743832324
Suburb,2605,2,2,2019,1.12,Fair,0,1,324236.5715884451
Countryside,3680,5,1,2008,1.99,Poor,0,2,397579.2796696418
Downtown,1933,5,2,2013,1.73,Excellent,1,0,347098.39759487077
Countryside,3183,1,2,1967,0.28,Poor,1,4,328235.6658911314
Suburb,1621,1,3,1953,1.44,Excellent,0,1,229884.64357267128
Countryside,1037,1,2,1966,0.76,Fair,1,1,168930.4810197753
Countryside,3228,4,2,1963,0.11,Poor,1,1,350362.4901120032
Countryside,3746,5,3,1962,0.87,Fair,1,0,486553.10077912814
Countryside,3330,3,3,1956,0.55,Fair,1,3,419116.19751463126
Downtown,2760,2,1,1993,1.66,Excellent,1,2,392955.24410391925
Downtown,3749,4,3,1964,0.74,Poor,1,0,337599.4110613297
Suburb,1848,3,1,1968,1.67,Poor,1,1,284846.9452573273
Downtown,2476,5,3,2012,0.1,Fair,0,0,300237.7783566889
Downtown,3988,1,3,1984,0.68,Fair,0,0,454479.44749956817
Suburb,3329,5,1,1984,0.56,Excellent,1,0,481572.5169860289
Downtown,3764,2,3,1968,0.54,Good,0,3,322883.470351256
Downtown,3841,4,1,1969,0.23,Good,0,4,468902.2116660776
Suburb,1763,4,3,1984,0.46,Fair,0,2,210137.02496575844
Suburb,1336,2,2,1981,1.16,Good,1,3,239074.93099642752
Suburb,3950,3,3,1997,0.65,Good,1,3,470111.2451851631
Countryside,2403,3,1,1993,0.89,Good,1,4,285930.31095504935
Countryside,2779,4,3,1973,0.82,Good,1,3,416812.3042564732
Suburb,3883,4,1,2010,1.76,Fair,1,0,332837.0658150207
Suburb,927,1,1,1966,1.82,Good,0,0,152769.5658949176
Suburb,891,3,2,2020,1.04,Good,1,1,225722.49876997236
Countryside,1342,2,2,1999,0.73,Excellent,0,3,260765.40541270233
Countryside,1645,3,1,2014,0.3,Fair,1,1,268046.8951965746
Downtown,2481,1,3,1981,1.91,Poor,0,2,319152.85967249004
Downtown,3836,4,1,1985,0.21,Poor,1,0,422363.2640348833
Suburb,2651,4,1,1962,0.67,Excellent,1,2,346785.91894878057
Countryside,3294,1,3,2019,0.67,Excellent,1,4,324211.54488426424
Countryside,1189,2,3,2007,0.71,Fair,1,0,184227.4679318327
Countryside,3519,4,3,1963,0.41,Poor,1,2,400866.8721498251
Suburb,2684,5,3,1986,1.59,Good,1,4,418736.4306803212
Downtown,842,4,1,2017,0.33,Excellent,0,2,194017.57275204107
Suburb,1053,5,1,1989,1.31,Poor,1,4,242285.24995696975
Downtown,1883,1,2,2008,0.34,Fair,0,4,241583.33510552463
Downtown,3510,1,1,1965,0.23,Good,1,0,282474.9223268018
Suburb,3314,4,3,2011,1.83,Fair,0,1,330436.09278538916
Downtown,3134,3,2,1953,0.46,Excellent,0,4,432674.7215823259
Downtown,3858,5,3,1994,1.66,Poor,0,4,483806.6688238544
Countryside,2340,2,1,1977,1.13,Poor,0,0,290426.1524804619
Downtown,2753,4,2,2015,0.25,Poor,0,1,252321.75534149693
Suburb,3625,2,3,1980,1.92,Poor,0,3,479570.8343989821
Suburb,3192,4,2,1952,0.57,Good,1,3,337194.3115464094
Downtown,1441,3,2,1957,1.73,Good,0,1,205102.74008645257
Countryside,3229,3,1,1973,0.42,Fair,1,2,425715.93351019634
Countryside,1489,3,3,1964,1.72,Good,1,0,248595.95077138866
Downtown,2076,3,2,1992,0.13,Excellent,0,1,298444.41917080374
Downtown,2750,1,2,1980,1.07,Excellent,0,3,282672.818199242
Suburb,1879,1,3,1994,1.56,Poor,1,4,277506.4706001094
Downtown,2286,5,2,2015,1.88,Excellent,0,3,405741.1989517561
Countryside,1256,2,2,1957,1.83,Fair,0,4,199434.37731450592
Downtown,1782,4,2,2020,1.66,Good,0,0,294656.6292655524
Suburb,2930,4,3,2006,1.79,Good,0,4,343624.875758968
Suburb,1922,1,3,1979,0.48,Good,0,1,256173.8378168695
Suburb,948,4,3,1967,0.64,Excellent,0,4,219345.74667614998
Suburb,2152,1,3,2018,0.65,Good,0,2,242405.0086240636
Suburb,1979,5,1,1988,0.82,Poor,1,1,254957.3639171247
Downtown,989,2,2,2009,0.85,Poor,0,0,144166.6908377107
Downtown,1682,5,3,1992,1.13,Poor,1,1,313483.14466916595
Downtown,3110,3,2,1994,0.4,Excellent,1,2,379938.56082231354
Downtown,3951,3,2,1972,1.41,Good,1,0,378005.92669768626
Suburb,1199,3,1,2018,0.42,Excellent,1,3,251834.05006890517
Countryside,3611,5,3,1955,0.69,Good,0,2,384356.8049169128
Downtown,1408,4,3,2005,1.06,Fair,1,0,266575.11546845816
Countryside,2595,2,2,1953,1.61,Fair,1,4,392394.7835671429
Downtown,2438,3,3,1972,1.5,Excellent,1,1,343806.3027514431
Downtown,2375,3,2,1955,1.33,Poor,1,0,336281.7162467035
Countryside,3632,3,2,1981,0.4,Excellent,1,1,426916.7341584269
Suburb,2948,2,1,1967,1.14,Poor,0,4,260533.53703489003
Downtown,2182,3,1,1964,0.27,Good,0,0,280906.9411610744
Downtown,2203,2,1,1989,0.82,Poor,1,3,279794.8098584091
Downtown,1619,3,2,1955,0.89,Poor,0,2,233230.5980572578
Countryside,1619,5,3,2012,0.18,Good,0,0,283995.19604767626
Suburb,1219,5,1,2016,0.62,Fair,1,4,241971.487081486
Countryside,923,2,3,1960,1.92,Good,1,0,229982.34731148096
Countryside,1221,5,1,1992,1.91,Excellent,1,1,299990.34332189505
Suburb,3934,2,1,1966,0.77,Excellent,0,0,399663.5889201996
Countryside,2308,5,2,1953,0.18,Excellent,1,3,350836.834454929
Suburb,2397,5,1,2012,0.44,Excellent,0,0,299144.8987324035
Downtown,1567,2,1,2017,0.85,Excellent,0,2,287493.848434533
Suburb,2844,4,2,1990,1.9,Fair,0,0,364952.3353857663
Downtown,3330,5,3,1954,0.37,Fair,1,1,302050.5009406889
Countryside,3366,3,1,1981,1.55,Poor,0,0,309584.4667373899
Countryside,3002,4,2,2019,0.31,Excellent,1,3,427152.4965072345
Downtown,2939,2,1,1984,1.96,Good,1,4,315782.1751725983
Countryside,3829,4,2,1971,0.83,Excellent,1,0,363115.62842804985
Suburb,2349,1,3,2014,1.57,Fair,1,0,281310.3469325404
Downtown,3302,1,3,1971,0.75,Excellent,1,2,356379.14866725984
Countryside,2564,5,2,1960,1.29,Fair,0,3,311795.88154985185
Downtown,2844,5,2,1952,0.46,Poor,0,4,298556.98866493674
Suburb,3445,3,2,1958,0.38,Poor,0,1,279752.63191092847
Suburb,1309,4,3,2009,1.88,Poor,0,0,238552.4327143631
Countryside,2006,1,1,1963,1.84,Fair,0,4,260071.48296166037
Suburb,1185,5,3,1967,1.79,Excellent,1,1,271735.13701652497
Downtown,2397,4,2,1972,1.29,Excellent,1,3,330162.7927372608
Suburb,3252,5,2,1996,1.64,Good,0,3,420185.9657860568
Downtown,3093,5,3,2018,0.23,Fair,0,4,303076.2687103387
Downtown,1541,1,2,1996,0.74,Good,0,1,197217.25436395913
Suburb,3508,1,3,1979,0.7,Poor,1,3,298421.27896043623
Countryside,3497,5,2,1974,1.31,Excellent,1,4,519730.68562506366
Suburb,2711,2,1,1977,0.78,Fair,1,3,357754.07156188786
Downtown,2246,5,1,1974,0.38,Good,0,3,326587.04225004057
Downtown,1700,5,2,2007,1.23,Good,0,3,316637.65419546235
Suburb,2912,3,3,1990,1.65,Good,0,2,390382.5176863329
Countryside,3884,3,1,1974,0.83,Excellent,0,1,411485.8299664416
Countryside,3060,3,3,1997,0.35,Excellent,1,4,425296.5590165886
Downtown,2809,2,2,1959,0.47,Excellent,0,4,282801.88036997104
Downtown,1041,2,3,1960,0.55,Fair,0,1,182643.22319928563
Countryside,3340,5,1,1970,0.67,Excellent,0,1,436587.5768246585
Suburb,3185,3,3,1994,1.32,Fair,1,1,379606.0688912141
Downtown,2820,2,3,1956,1.24,Good,1,1,336661.3793082404
Downtown,972,1,2,2013,1.42,Good,0,0,178156.9393113276
Countryside,1471,5,2,2013,0.79,Poor,1,4,272591.09078942117
Suburb,963,4,2,1951,1.67,Excellent,1,0,252260.3777140301
Countryside,1264,5,1,1991,0.49,Good,1,3,282584.1523113127
Suburb,3842,4,1,2003,0.99,Excellent,1,3,432279.37724075635
Suburb,1296,3,2,1965,1.62,Fair,1,4,253992.24551858596
Suburb,1499,4,2,1967,0.44,Good,0,3,247855.61902299087
Downtown,3242,3,1,2008,0.31,Excellent,0,1,420176.79513891664
Countryside,1502,1,1,1965,1.78,Good,0,0,215524.6893330011
Countryside,2740,4,1,1955,0.75,Good,1,1,338356.2864905215
Suburb,3155,5,1,2006,1.4,Excellent,1,3,429839.10959730344
Downtown,2591,3,2,1996,0.15,Good,1,0,353324.8042587023
Downtown,982,5,1,1997,1.41,Good,1,1,261726.30251047743
Countryside,1428,2,2,1991,0.7,Good,0,4,201916.42349100567
Downtown,3357,3,3,2009,0.21,Good,0,1,309345.99801133224
Downtown,2531,4,3,1953,1.26,Fair,0,3,369799.99519889866
Suburb,1345,3,1,1951,0.56,Good,0,0,200533.13581609935
Downtown,2387,5,3,2008,0.83,Poor,0,4,338860.6747885638
Suburb,1423,1,3,1976,0.25,Good,0,0,192979.43925346498
Countryside,1393,3,3,1976,0.38,Excellent,1,4,239084.24157411058
Downtown,1543,4,1,2021,0.67,Poor,1,0,263035.09554500016
Countryside,2568,2,1,1956,0.27,Fair,0,3,309472.6444293746
Countryside,2259,1,3,2012,1.83,Poor,1,4,286586.8901626131
Downtown,2748,2,2,1995,0.11,Poor,0,2,260831.27229438222
Downtown,3401,3,3,2012,1.02,Poor,0,0,424234.92682298337
Countryside,2868,5,1,1961,0.33,Excellent,1,0,302763.0307601062
Downtown,3401,5,1,1962,0.68,Excellent,0,1,461231.9304780341
Suburb,3244,4,1,1992,1.86,Excellent,0,4,376051.5261011173
Suburb,3472,5,3,1966,0.41,Fair,0,2,410025.1522103537
Downtown,904,1,2,2012,1.94,Excellent,1,3,251966.93689088034
Countryside,3039,5,1,1985,0.49,Excellent,1,1,412987.7141084934
Downtown,816,4,1,1957,1.51,Poor,1,2,179235.73634865507
Downtown,3991,3,3,2018,1.14,Excellent,1,4,528104.5513870756
Countryside,1192,3,2,1985,1.78,Good,0,2,221592.18632445566
Countryside,1224,5,3,1977,1.15,Excellent,1,0,261164.2150805702
Suburb,2976,2,1,1996,1.12,Fair,1,0,406692.47175668034
Countryside,1371,3,2,1979,0.47,Fair,1,1,225683.67034737446
Suburb,2876,5,2,1972,0.42,Good,0,4,390104.73274750536
Countryside,1920,4,1,1965,1.84,Fair,1,4,278061.8057490546
Downtown,3881,5,2,1963,0.72,Fair,1,2,346980.6588975371
Suburb,1041,3,2,2020,0.81,Poor,0,1,153607.51039762984
Suburb,3079,4,3,2001,1.54,Good,0,4,408330.20427634264
Suburb,1588,5,1,1986,0.74,Poor,0,0,241976.39805050066
Downtown,1514,1,1,1978,1.91,Poor,0,2,196533.60471659983
Downtown,1558,4,1,2016,1.5,Excellent,1,3,322736.157104057
Downtown,3649,1,1,1964,1.24,Good,0,0,285024.67096285825
Downtown,1575,2,1,1996,1.77,Excellent,1,1,269899.7260185428
Downtown,3573,4,2,1995,0.19,Excellent,1,4,389372.62538326695
Suburb,3047,1,3,2001,0.59,Poor,1,0,315335.03669873753
Downtown,3792,3,1,1968,0.98,Fair,1,3,317218.56414960563
Suburb,878,3,3,1970,0.53,Good,1,3,230602.37906497007
Downtown,3803,2,3,2013,1.51,Fair,0,1,339158.014513339
Countryside,1655,4,2,1986,1.85,Poor,1,0,303525.96842126665
Suburb,3314,4,1,1976,0.91,Poor,1,2,360403.4957895782
Countryside,3428,4,2,2004,0.75,Poor,1,0,469205.83643994434
Suburb,2239,2,1,1978,1.93,Poor,0,3,281423.8360283706
Countryside,3787,4,2,1969,0.95,Poor,1,1,481869.20283168915
Downtown,3296,3,3,1974,1.03,Poor,1,1,291044.51333680796
Downtown,2934,1,1,2019,0.77,Fair,0,2,334065.632866738
Downtown,2948,3,3,2012,1.83,Excellent,1,1,461608.66626731073
Suburb,1831,3,3,1985,1.18,Fair,1,1,229499.41790692325
Countryside,1644,1,2,1951,1.55,Good,0,1,196681.54501238285
Downtown,886,3,1,1971,1.64,Fair,1,1,194014.56649833784
Countryside,2890,2,3,1965,0.75,Poor,1,1,395398.60193620913
Countryside,1207,1,2,1967,0.92,Fair,1,3,196042.028907493
Downtown,3511,3,1,2018,1.71,Excellent,1,0,433603.9822063501
Downtown,3888,5,1,2003,0.79,Good,1,4,388344.91739738814
Countryside,2468,3,3,1979,1.61,Fair,0,1,240101.4256689032
Downtown,947,2,1,1994,1.89,Excellent,0,4,239082.13329679758
Downtown,3124,4,3,1968,1.28,Fair,0,4,299172.1467384504
Downtown,1031,3,1,1983,1.51,Good,1,3,238604.95815580594
Suburb,2750,4,2,1962,1.63,Fair,1,1,409456.7624958388
Countryside,1165,5,3,1992,1.71,Poor,1,4,242070.97394147862
Countryside,2474,3,3,2011,0.85,Fair,0,1,326902.24984250584
Suburb,1235,1,1,1971,0.2,Excellent,1,2,194927.6371116887
Countryside,1198,4,1,2001,0.86,Fair,1,2,234269.93311587302
Downtown,2034,5,3,2001,1.38,Excellent,1,2,321013.8560209407
Countryside,2214,1,1,1985,0.96,Good,0,4,304209.0591490302
Downtown,3346,1,2,1968,1.52,Fair,0,2,314349.9956190209
Suburb,3387,1,1,1987,0.78,Good,1,3,374222.26734106685
Downtown,1362,1,2,2019,1.31,Good,1,3,255190.21991208103
Countryside,3289,3,2,2006,0.45,Fair,1,4,327029.9123840631
Countryside,2084,3,2,1969,1.52,Excellent,0,1,329481.6606999561
Countryside,1572,3,2,1958,1.14,Good,0,0,217746.53077405365
Suburb,3197,5,2,1981,0.49,Good,0,1,396354.14180705365
Suburb,2837,5,1,1953,0.65,Fair,1,1,283054.4507417062
Countryside,3367,5,2,1999,1.52,Fair,0,1,409104.6079273891
Downtown,2143,2,1,1954,1.02,Fair,1,1,211334.35200164097
Suburb,2985,5,2,1969,0.51,Fair,1,0,349482.45706829504
Countryside,2373,3,3,1986,1.94,Fair,0,2,280204.00064911775
Countryside,1791,3,2,1971,1.46,Poor,1,1,280288.0035862938
Suburb,3215,2,3,2007,1.92,Fair,0,3,338956.1269744801
Suburb,2046,2,2,2017,0.91,Excellent,1,4,355595.68044424907
Suburb,1159,5,2,1993,1.0,Good,1,4,286575.98125101323
Downtown,1720,4,2,1983,1.81,Excellent,0,3,265443.9531091596
Downtown,3176,2,3,1991,1.1,Excellent,1,1,416941.7360672266
Countryside,3809,1,3,1958,1.44,Poor,1,0,318482.8248655672
Suburb,3310,3,2,1956,0.58,Fair,1,2,336951.3899840696
Downtown,3793,1,1,2017,0.95,Good,1,4,470320.4659999163
Suburb,1762,3,2,1968,0.33,Excellent,1,2,301634.1880474776
Countryside,2627,3,3,1980,0.49,Fair,1,0,322172.43292655796
Downtown,3683,2,2,1984,0.1,Fair,1,4,358442.900043439
Downtown,2413,2,3,2006,0.17,Poor,1,2,274601.7101492606
Downtown,2440,1,3,2010,1.96,Poor,0,0,241060.42965343493
Countryside,3016,3,3,1980,0.56,Poor,0,2,356564.641321387
Suburb,1016,1,2,2002,1.36,Good,1,1,214046.55087699668
Downtown,1177,4,3,1981,1.69,Excellent,1,0,283352.8574635418
Countryside,918,1,3,2015,1.15,Poor,0,2,165862.50778817647
Suburb,989,5,2,2008,0.39,Poor,1,1,193162.47040600402
Countryside,3614,1,3,1959,1.48,Poor,0,1,336855.7114429027
Suburb,1169,5,2,1951,1.24,Excellent,0,0,201130.6438497248
Countryside,2601,5,3,2015,1.49,Excellent,0,3,372817.2758616226
Suburb,2996,5,1,2009,1.56,Poor,1,4,424632.0251130014
Downtown,1451,4,1,1966,1.95,Poor,1,0,269456.0058666435
Suburb,2682,1,3,1965,1.19,Fair,1,1,319202.0761267779
Countryside,2311,1,1,1965,0.75,Poor,0,1,234073.22088258088
Countryside,1569,4,2,1995,1.33,Good,0,0,206325.1913369656
Suburb,3221,3,1,1988,0.23,Good,0,3,422619.85856812587
Downtown,1580,2,3,1980,1.81,Poor,1,4,214203.80686064396
Downtown,2516,1,3,1950,0.33,Excellent,0,2,355228.56009044463
Suburb,3007,2,2,1960,0.72,Fair,0,0,299980.66299025447
Suburb,3198,4,3,1953,1.65,Excellent,1,4,400199.3255225988
Countryside,2111,3,2,2020,1.23,Poor,0,4,322494.25579764275
Downtown,3739,3,1,1975,0.85,Good,0,1,296468.8961619326
Suburb,2049,3,1,1999,1.0,Fair,1,2,285819.980479338
Downtown,1322,4,2,1961,1.72,Excellent,1,0,263891.4398694062
Suburb,1321,5,2,2014,0.75,Excellent,0,1,242731.1125000118
Suburb,1582,5,3,1996,1.75,Poor,1,1,272339.99581980164
Downtown,3120,2,1,2002,0.27,Fair,0,3,336162.18492722814
Suburb,1735,5,2,2020,1.58,Good,1,4,342236.6313295072
Suburb,3030,5,1,1951,1.71,Poor,0,0,266108.60409404687
Countryside,2488,3,2,1973,0.45,Fair,1,0,351949.56670332234
Suburb,1287,3,1,1953,0.92,Excellent,0,0,185783.2077134775
Suburb,2650,2,3,1968,0.41,Poor,1,1,271455.40753446263
Suburb,1645,1,1,1975,1.44,Excellent,1,3,255347.69090831903
Countryside,2971,2,1,1989,1.12,Excellent,1,2,292676.1812848048
Downtown,3832,2,1,1999,1.31,Poor,1,1,319133.78687990626
Countryside,3637,4,1,1992,0.47,Poor,1,2,483543.73348739586
Countryside,3261,4,1,2016,0.5,Poor,1,3,336985.0890293665
Downtown,2803,2,3,1961,0.18,Poor,1,4,273745.44781101774
Countryside,2548,2,2,2016,0.71,Poor,0,0,230447.686673647
Downtown,1485,2,1,1976,1.16,Excellent,0,2,260969.90259949543
Countryside,2960,5,3,2003,1.73,Good,1,1,467608.1622768309
Downtown,3735,4,1,2015,1.37,Good,1,2,391656.8419332068
Suburb,2969,2,1,1998,0.93,Poor,0,4,256648.01710616564
Countryside,2367,3,2,1965,1.91,Excellent,0,0,297461.70368300786
Countryside,2045,3,1,1951,1.47,Good,1,2,254561.72938396846
Countryside,838,5,3,2009,1.87,Good,0,4,221300.24784479872
Countryside,3344,5,3,2003,1.1,Good,0,1,396208.1576385258
Suburb,1579,1,2,1979,0.59,Excellent,1,3,240079.05537952587
Countryside,2056,1,1,1987,0.2,Poor,1,1,240662.23631241353
Suburb,3790,1,3,1977,1.48,Poor,1,0,337602.0662422376
Suburb,2996,5,1,1974,0.33,Poor,0,1,382101.4877052216
Suburb,3869,5,1,1959,0.68,Fair,1,1,501394.8605953359
Suburb,3508,5,1,2009,1.11,Fair,1,1,418967.7908188357
Downtown,2727,3,2,1991,1.17,Fair,0,1,282427.7113074801
Downtown,1101,5,1,1989,1.24,Excellent,1,0,240127.13585601217
Countryside,3085,3,3,1991,0.42,Good,0,4,356661.21467503865
Downtown,1446,1,1,1996,0.82,Good,0,2,218330.98499035643
Downtown,1462,1,3,1986,1.27,Excellent,0,3,238575.81057242706
Countryside,3083,1,1,1971,1.94,Excellent,0,2,415017.9212538841
Countryside,2559,2,3,2006,1.48,Poor,0,2,360578.92785979016
Countryside,3050,2,3,1976,1.85,Poor,0,3,323958.78839028743
Downtown,1055,4,1,1990,1.55,Fair,1,0,209939.63389256713
Downtown,1397,4,1,1983,1.22,Fair,1,3,220013.6990977546
Countryside,1461,4,3,1981,0.46,Excellent,1,0,249110.2639393325
Suburb,1034,2,2,2015,1.37,Fair,0,2,179792.18013891528
Countryside,2168,2,1,1961,1.28,Good,1,0,257738.37440375282
Suburb,3381,4,2,1989,1.24,Excellent,0,4,493998.55096783274
Suburb,3707,4,1,1959,1.03,Excellent,1,3,372003.3575605538
Countryside,1569,5,1,1997,1.1,Good,0,4,274428.59145084006
Countryside,3388,4,1,1969,0.74,Poor,1,2,387280.45133390295
Countryside,1012,5,1,1988,1.09,Poor,0,3,200510.31375293873
Downtown,1262,3,2,2009,0.48,Good,1,2,235890.67722974258
Suburb,3283,2,1,2015,1.63,Good,0,4,446936.6121311642
Downtown,1082,4,3,2014,0.45,Fair,1,2,231408.06607331577
Downtown,2286,2,3,2000,0.26,Excellent,0,3,295643.7393051551
Countryside,2230,2,2,1985,0.93,Fair,1,3,242437.3306968021
Downtown,887,2,1,1973,1.35,Good,1,2,200468.97792554306
Countryside,1867,3,3,1976,0.93,Fair,1,3,313810.6907401484
Suburb,1260,1,2,1951,0.63,Good,0,3,207603.0841479429
Countryside,3125,4,1,1980,1.16,Fair,0,2,402744.38339517475
Downtown,3268,1,3,2006,0.76,Fair,0,4,351644.5069759266
Downtown,2524,1,3,2015,1.87,Poor,0,3,259361.8671829236
Countryside,2176,1,2,1978,1.85,Good,0,3,238803.01522694385
Countryside,3543,2,1,1964,1.05,Fair,1,3,346546.3427011984
Downtown,1314,5,1,1961,0.72,Excellent,0,3,264834.973977405
Suburb,1502,2,3,1977,1.5,Fair,1,2,259204.51878602122
Suburb,2453,2,3,1973,0.17,Fair,1,4,275897.0851661834
Countryside,2866,1,3,1970,1.0,Excellent,0,4,356973.2068625693
Suburb,822,2,1,1959,0.74,Good,1,0,172553.98697224076
Downtown,3260,1,2,1967,1.85,Poor,0,3,321782.21384928277
Countryside,1853,5,2,1963,0.12,Poor,0,3,232824.45827799395
Downtown,2630,4,1,1983,1.15,Poor,0,0,255271.80031137378
Downtown,2955,1,2,2007,1.51,Excellent,1,4,344895.73447866173
Suburb,2104,5,3,1971,1.02,Fair,0,1,243390.967129584
Countryside,3999,4,2,2019,0.26,Good,0,1,371842.2418276242
Countryside,1934,3,2,1985,1.95,Fair,0,4,229352.7268003742
Suburb,2983,1,2,1994,1.08,Poor,1,3,357651.59045485617
Downtown,1161,1,3,1985,1.27,Fair,0,1,168670.592398855
Downtown,2976,3,1,1971,0.55,Excellent,1,2,446241.93306032405
Downtown,2699,3,3,2010,1.02,Excellent,1,2,345796.1160022614
Downtown,2084,1,1,2005,0.92,Good,0,0,242771.3370262597
Countryside,1314,3,1,1982,0.24,Good,1,4,225690.1641227487
Countryside,1248,2,1,1994,0.3,Poor,1,4,162745.37335429754
Suburb,2723,4,2,1985,1.69,Good,0,1,390788.16280632233
Suburb,3975,4,2,1969,0.56,Fair,0,3,309273.8989536845
Countryside,2306,4,1,1967,0.47,Excellent,0,4,373253.7349442815
Countryside,2047,2,1,1987,1.06,Excellent,1,1,340212.8098344321
Downtown,2655,3,2,2016,1.56,Excellent,0,1,354510.5343604117
Downtown,1673,5,3,1972,0.22,Good,1,4,310473.7698413296
Suburb,3320,3,1,1965,1.2,Excellent,1,1,423403.1352107219
Countryside,3881,1,3,2008,0.33,Excellent,1,0,403883.05481596483
Suburb,2228,4,2,2018,0.17,Excellent,1,0,346071.56237052113
Countryside,3149,3,1,2017,0.2,Poor,1,4,278625.78279900225
Downtown,3078,5,3,1970,1.68,Poor,0,3,311092.9298491229
Suburb,2554,1,3,2019,0.32,Good,0,0,286702.3245854158
Suburb,1722,2,3,1961,0.19,Excellent,1,0,259117.48012522957
Countryside,3937,2,2,1965,0.93,Good,1,4,513209.90250010596
Downtown,3784,5,2,1963,1.7,Excellent,0,2,378856.79193537397
Suburb,2959,1,3,2010,0.6,Excellent,0,1,385597.76082833594
Downtown,1836,4,3,2020,0.9,Excellent,1,0,293906.345563412
Suburb,2216,3,2,1995,0.18,Good,1,2,298800.4682549115
Downtown,3347,1,3,1981,0.95,Good,0,3,347107.41746836755
Countryside,3779,2,3,1964,1.2,Excellent,0,2,411957.33880791714
Suburb,3445,5,2,1993,1.18,Fair,1,4,352287.8495430029
Suburb,3081,5,3,1966,0.73,Good,0,3,386204.96996186767
Downtown,3449,3,3,1990,0.7,Poor,0,3,415245.26461641927
Downtown,1113,5,3,2003,0.3,Good,1,2,250578.36767758563
Suburb,3413,5,2,1993,0.8,Excellent,1,4,455113.20672702766
Countryside,3883,1,3,1954,0.29,Fair,1,0,442298.2266823671
Downtown,3056,4,2,1976,1.56,Excellent,0,2,427254.67991669115
Downtown,2797,3,2,1992,1.94,Poor,1,0,328891.04903149186
Downtown,1837,1,1,1980,1.94,Good,0,2,232603.34528617616
Suburb,2456,4,1,1966,1.74,Good,1,0,369930.0045125619
Suburb,3891,1,3,2003,1.24,Excellent,1,2,467920.3191488981
Suburb,3434,1,2,2011,1.43,Excellent,0,3,349192.04465600604
Suburb,2578,5,1,1981,0.64,Poor,0,1,270256.53611503955
Countryside,1814,4,3,1989,1.3,Fair,1,3,316407.17116651754
Countryside,1893,3,1,1962,0.97,Poor,1,0,205243.37745157766
Suburb,1924,3,1,1984,1.02,Fair,0,4,304025.2683921725
Countryside,1497,4,2,1954,1.54,Good,1,3,259571.82322665217
Downtown,2979,5,2,1978,0.64,Fair,0,1,392044.40685787384
Downtown,2204,2,1,2019,0.7,Fair,0,0,232605.23990823945
Downtown,1955,1,1,1974,1.86,Good,1,3,291512.13191634987
Suburb,1843,5,2,1971,0.21,Good,0,2,312631.95071336086
Downtown,2729,4,3,2015,1.02,Good,0,4,364645.7318194482
Countryside,3383,1,2,1994,1.83,Poor,0,0,345116.0684338276
Suburb,1813,3,1,2018,1.26,Good,1,3,260838.01439739126
Countryside,1026,2,3,2021,1.14,Excellent,0,0,199065.42540940034
Downtown,2628,3,1,1950,0.57,Good,1,2,288139.7033124268
Downtown,2292,4,3,1993,0.75,Good,1,1,352171.82244849077
Downtown,1621,1,1,1988,1.72,Good,1,3,224865.51960675803
Suburb,2823,4,3,2003,1.16,Fair,0,0,271787.50048526214
Countryside,1670,1,3,1978,1.08,Poor,0,0,190975.21077099792
Suburb,3252,5,1,2003,0.29,Good,1,0,406441.3024776976
Suburb,3049,2,3,1965,0.13,Poor,1,1,357390.375218197
Downtown,2885,5,2,1969,1.93,Excellent,0,0,335612.50973869057
Suburb,3789,5,1,1995,0.82,Excellent,1,4,398881.97451963346
Suburb,2595,4,2,2016,1.25,Good,1,4,420698.51515443437
Downtown,987,2,1,2014,0.25,Excellent,0,0,177677.8859794397
Suburb,1880,1,3,2007,1.4,Poor,1,4,311545.57077522005
Downtown,1740,1,3,2002,1.87,Fair,0,3,286645.7561902652
Downtown,3891,3,3,1950,1.19,Good,0,4,485073.270227403
Downtown,3120,1,1,2015,0.34,Excellent,1,0,296898.0426378009
Downtown,3990,4,2,1978,1.21,Poor,0,2,482330.391121213
Suburb,3430,5,2,2019,1.56,Poor,0,3,449320.4709099321
Downtown,3363,5,1,1957,0.87,Excellent,0,1,418905.9707863604
Downtown,1325,5,1,1978,1.77,Poor,1,0,228413.63482994313
Suburb,1135,2,2,2000,1.33,Poor,1,1,195827.3632921264
Suburb,3545,1,2,1982,1.81,Good,1,2,345152.8628412436
Countryside,1878,4,2,1952,1.28,Poor,0,1,239669.18858199182
Suburb,3347,2,2,2009,0.35,Excellent,0,0,388294.4075165728
Suburb,3747,3,1,1984,0.69,Good,1,0,385363.1598731327
Countryside,3613,4,1,2018,0.48,Excellent,1,2,423100.6155765489
Suburb,3383,4,3,1969,1.83,Fair,0,0,347135.4704640115
Suburb,961,4,2,1988,1.54,Excellent,1,2,265330.3410542597
Suburb,1393,5,3,1953,1.39,Excellent,1,2,330895.70382303064
Suburb,2738,4,1,1968,0.67,Good,1,0,290914.68387422676
Countryside,3006,1,1,1994,0.45,Poor,1,4,311806.74412843946
Suburb,859,4,3,1992,1.54,Excellent,1,2,241598.30653968948
Suburb,3762,5,2,1962,1.0,Good,0,0,440022.9232137132
Countryside,2701,4,2,1962,0.53,Fair,1,4,372547.96230643487
Downtown,3058,3,2,2009,1.27,Good,1,2,454068.45681415097
Countryside,1205,3,2,2006,0.18,Good,0,4,199717.03355722316
Downtown,1463,5,3,2001,0.72,Poor,0,3,278661.9497090562
Countryside,1932,1,3,2002,0.99,Excellent,0,3,243727.17409787717
Countryside,1899,1,1,1992,0.38,Fair,0,4,229761.16632646765
Suburb,1341,2,2,2021,1.97,Good,1,2,226652.74883197027
Downtown,2137,5,2,2021,0.5,Excellent,1,0,382205.7719623638
Suburb,1797,4,2,1991,0.35,Excellent,1,1,295086.34377774433
Downtown,1940,5,3,1975,0.49,Good,1,0,310625.79002399126
Countryside,3774,2,2,1972,1.56,Excellent,0,1,486445.9998193024
Countryside,1667,5,3,1992,0.91,Good,0,1,247360.3903840388
Downtown,2866,5,2,1977,1.17,Good,1,2,319799.1708257346
Suburb,1231,2,2,1958,0.14,Good,1,4,252253.13453093605
Suburb,1539,1,1,1969,0.17,Fair,1,0,178758.11185296485
Suburb,2173,4,2,2005,0.95,Good,1,4,295258.55834628653
Suburb,982,2,2,1988,1.65,Poor,0,3,172770.44674097595
Countryside,2960,3,1,2000,1.78,Excellent,1,2,406476.29920301074
Countryside,2006,1,3,1961,0.26,Fair,0,2,183523.35152327776
Countryside,3328,3,3,2004,1.12,Excellent,0,3,373874.6375339794
Countryside,1969,1,2,1960,1.84,Fair,0,0,178209.1476225604
Countryside,1630,4,3,1975,0.84,Poor,0,3,235606.33421943316
Suburb,2451,4,2,1991,1.68,Fair,1,0,368973.5085620682
Suburb,1936,5,1,1976,0.35,Fair,1,1,310119.7534325775
Suburb,3610,3,1,1960,1.88,Fair,1,2,428543.0834074048
Suburb,1275,1,2,1987,1.53,Excellent,1,0,217099.40297876773
Countryside,3610,4,1,1992,1.89,Good,0,4,507340.81489487464
Countryside,2126,2,1,1968,1.39,Excellent,0,4,294183.1436061664
Countryside,1770,4,2,2013,0.79,Good,0,2,242184.81412110827
Downtown,1819,2,2,1955,1.88,Excellent,1,3,342301.0405866286
Suburb,1941,1,1,1995,0.62,Poor,0,3,244694.37137267715
Suburb,2636,4,3,1991,0.73,Poor,0,0,338991.75494491134
Countryside,960,4,3,2014,1.43,Fair,0,3,221879.6737821314
Suburb,3248,1,2,2021,1.55,Poor,0,2,284927.18694606225
Suburb,997,4,2,2008,1.87,Fair,1,0,204032.68358162016
Countryside,2083,2,3,2001,0.49,Good,0,1,297038.7157861986
Downtown,1459,4,1,1996,1.62,Poor,0,3,218891.77462055345
Downtown,2575,3,3,1956,1.5,Good,1,3,355474.98096339253
Downtown,1870,5,3,1960,0.22,Excellent,1,0,328222.1706930335
Countryside,2810,2,3,2010,0.84,Good,1,4,404534.32879274664
Suburb,1198,3,3,2017,0.64,Excellent,0,3,239289.380174299
Countryside,2533,1,2,1974,0.68,Good,0,2,322337.8556825598
Countryside,2382,2,2,1961,1.97,Good,0,3,342686.85592718853
Suburb,2925,5,1,1975,1.32,Poor,0,1,349831.9536253231
Downtown,2971,5,1,1961,1.46,Good,1,3,354914.6603604158
Downtown,874,1,1,1992,1.96,Poor,0,4,147713.3148028484
Countryside,2984,1,1,2000,0.82,Poor,0,3,276117.3003869833
Downtown,1401,2,3,1986,1.62,Fair,1,0,203728.12774676335
Countryside,1636,4,2,1995,0.93,Fair,1,3,245492.45694626152
Countryside,2328,1,2,2002,1.75,Excellent,1,4,308967.03770997876
Suburb,1299,4,1,1962,0.44,Good,0,0,192433.6023000687
Suburb,2396,3,1,2003,1.9,Excellent,0,2,382726.81823509734
Suburb,937,5,3,2006,0.52,Good,0,0,198118.90283992293
Countryside,2897,4,3,1953,0.72,Fair,0,1,351117.80878378026
Suburb,2594,5,1,1998,1.54,Fair,0,0,343640.60567238263
Downtown,1772,4,2,1956,0.85,Good,1,2,242099.82200157348
Downtown,2442,3,2,1960,1.26,Good,1,3,385952.0906389982
Countryside,2685,1,2,2003,0.94,Fair,0,0,292145.393139553
Countryside,3101,3,1,1994,1.51,Fair,0,0,303949.6420520878
Suburb,2828,1,2,1972,0.53,Excellent,0,0,343114.55570623634
Countryside,3557,1,3,1977,0.21,Fair,0,0,288732.4467767306
Countryside,2700,5,3,2006,0.67,Good,0,2,389409.82800125325
Downtown,3410,3,1,1975,1.0,Excellent,1,4,341006.76089106814
Downtown,3604,4,3,1974,0.42,Good,1,4,501230.3283771908
Suburb,2249,3,1,2003,0.77,Poor,1,0,274602.81174754724
Countryside,1346,5,2,1978,0.86,Excellent,0,2,262112.43313628947
Countryside,1721,1,2,1985,0.21,Good,0,2,202432.51439436513
Downtown,1380,5,2,1963,1.21,Fair,1,0,261229.08617343294
Countryside,2172,2,3,1984,1.78,Poor,1,1,318932.29396200983
Downtown,2756,2,1,1979,0.39,Good,0,0,291991.77715267014
Suburb,2803,4,2,1966,1.24,Excellent,1,1,403975.42840726045
Downtown,2896,5,1,2016,1.36,Good,1,0,378494.9937694833
Countryside,3764,4,2,1979,0.9,Poor,0,1,457086.9956943265
Suburb,3945,4,3,1994,1.43,Excellent,1,1,481845.6958564494
Downtown,1503,2,3,2000,0.88,Poor,1,0,249809.92448351576
Downtown,3108,4,1,1996,1.06,Good,1,1,435357.1098551966
Suburb,3203,2,3,2002,0.11,Fair,0,3,331908.3471389393
Suburb,2425,1,3,2013,1.41,Fair,1,4,278180.7446377189
Downtown,1437,5,1,1987,1.36,Good,1,2,266642.00122441957
Countryside,3590,4,2,2013,0.17,Good,1,1,475441.01895165205
Downtown,1809,2,3,1956,0.8,Good,0,1,228647.36286486406
Suburb,3778,3,1,1971,1.96,Excellent,0,2,443418.0257325288
Downtown,1440,4,3,1990,0.9,Poor,1,1,264058.9658531738
Suburb,3639,1,3,1959,1.05,Poor,0,2,331035.22659960855
Suburb,3459,1,3,2006,1.83,Poor,1,0,403971.15671961656
Countryside,2661,3,3,1956,1.46,Good,0,3,316401.28092719475
Suburb,3656,2,1,1999,1.21,Poor,0,3,305385.28261329967
Suburb,2005,4,1,2001,1.62,Good,1,4,352436.0185655588
Countryside,1485,2,1,1982,1.74,Excellent,1,1,230767.42028809647
Suburb,2651,1,3,1950,0.97,Fair,1,4,289276.60391779896
Countryside,987,2,3,2002,1.0,Good,0,0,219041.64997557367
Countryside,2419,1,3,2009,0.83,Good,1,3,306884.4602721648
Suburb,2487,2,1,1983,1.94,Fair,0,0,338192.1892120859
Suburb,1784,3,3,1953,1.42,Fair,0,0,286177.3026618283
Downtown,1347,5,2,1966,0.26,Excellent,1,1,247391.38997754705
Countryside,3572,3,3,1953,1.74,Poor,0,0,292697.71049383044
Downtown,3773,3,2,1992,1.01,Good,1,3,481215.1885653447
Suburb,2231,5,3,1953,0.23,Poor,0,4,286292.5443704227
Downtown,1675,5,1,1950,1.14,Good,1,3,255079.0506816145
Countryside,1417,4,3,2020,0.89,Excellent,0,1,277588.9917245943
Downtown,3261,4,2,1999,1.77,Fair,0,3,315043.0689306988
Countryside,2165,3,2,2010,0.49,Excellent,1,2,354794.7917457852
Suburb,2043,3,3,1984,1.67,Fair,0,4,259426.35584892397
Suburb,1702,1,2,1957,1.16,Poor,1,2,205830.24088134628
Countryside,962,1,2,1973,0.2,Poor,0,2,125704.83753228892
Suburb,2774,4,1,1985,1.95,Excellent,0,1,424457.9439228496
Suburb,1069,4,3,1999,1.07,Fair,0,0,211083.90230556807
Suburb,1431,1,3,1992,0.65,Excellent,1,2,281066.1333624232
Suburb,1705,1,3,1976,0.99,Fair,1,3,230670.3825337172
Countryside,2814,2,2,1981,1.73,Fair,1,0,306056.20075994724
Downtown,2441,2,3,1967,0.68,Poor,1,3,264292.77302788594
Downtown,1004,1,3,1977,0.47,Poor,1,3,172116.53102128295
Suburb,1381,2,1,1978,0.35,Fair,0,0,174579.77405053435
Downtown,2379,5,1,1965,0.67,Fair,0,0,286310.6176524953
Downtown,1640,4,1,1996,1.58,Fair,1,3,252324.71732789295
Suburb,2636,4,2,2008,1.0,Poor,0,1,361501.6078630142
Suburb,2051,1,3,1980,0.53,Poor,0,4,210436.73399114178
Downtown,2519,3,1,1953,0.42,Good,0,4,371943.01736182964
Countryside,2442,1,1,1986,0.73,Fair,0,1,197554.9325581662
Suburb,3443,2,1,1966,1.89,Good,1,0,393240.78784627
Countryside,3097,3,3,1988,0.75,Fair,0,3,322030.0097323498
Downtown,1674,2,3,1997,1.98,Poor,1,4,260917.62974596198
Suburb,2264,5,3,1995,1.02,Good,1,3,357520.23034062533
Countryside,3043,2,2,1997,0.44,Good,0,1,322261.8903916337
Suburb,1489,5,2,1988,1.79,Excellent,1,3,303224.3480049537
Downtown,2810,5,1,1953,0.97,Fair,0,1,359584.63986556954
Countryside,3941,2,3,1979,1.45,Poor,0,0,423286.9200057878
Downtown,3486,2,1,1979,1.97,Excellent,0,1,458400.18445884826
Downtown,2222,5,3,1971,0.2,Excellent,1,1,312434.442815708
Suburb,2801,3,3,2015,0.28,Fair,1,4,365725.4677910566
Countryside,1471,5,3,1961,1.47,Excellent,1,3,313145.0764656444
Downtown,1971,4,2,1985,0.64,Fair,0,4,250270.6612615035
Downtown,2295,5,2,1967,0.45,Excellent,0,2,314552.1029333327
Countryside,1743,3,3,2002,0.17,Fair,0,1,209939.11378909426
Downtown,3046,4,1,2020,0.14,Poor,1,2,290609.90175706684
Downtown,2249,1,3,1950,1.57,Fair,0,4,243835.9461390243
Countryside,3339,1,3,2007,0.36,Fair,0,3,285606.5032666805
Countryside,1695,3,1,1955,0.99,Good,1,4,283117.146497363
Countryside,2989,5,3,2019,1.25,Poor,1,3,418425.7089001627
Countryside,2136,2,1,1993,0.91,Poor,1,3,312509.7604847304
Suburb,964,3,2,2021,0.15,Poor,0,0,171802.499537797
Countryside,3161,4,2,1973,1.59,Excellent,0,1,314038.8448154066
Suburb,2868,4,1,1968,0.12,Good,0,4,386340.75794141204
Suburb,1905,1,2,1967,1.55,Poor,1,3,285758.8092705804
Suburb,2553,4,2,1979,1.8,Excellent,1,4,369036.838946635
Downtown,3831,3,1,1991,0.92,Excellent,1,4,474197.0673286234
Suburb,3152,4,2,1982,1.12,Excellent,1,3,488174.945197669
Suburb,2738,3,3,1961,1.01,Good,0,2,334424.467410814
Downtown,1170,2,3,1976,0.84,Excellent,0,1,242616.32696000126
Downtown,2680,1,1,1988,1.79,Good,0,1,250671.193546565
Downtown,1652,4,2,1958,1.8,Fair,0,0,208210.88435533718
Countryside,1183,3,3,1970,0.74,Excellent,0,0,219554.65490455396
Downtown,2731,5,3,1978,1.27,Poor,0,0,340937.542178459
Downtown,3292,1,2,1982,1.86,Excellent,0,1,435419.1044166169
Suburb,1224,2,2,2011,1.93,Fair,0,2,239595.64144676304
Downtown,3008,3,3,1964,1.07,Fair,1,1,329293.2650697071
Countryside,1428,2,3,1951,0.96,Excellent,1,1,227053.47642040206
Downtown,1694,2,1,2001,0.63,Fair,0,1,240094.226329114
Countryside,3337,4,1,1993,1.92,Good,1,1,421412.92297896656
Downtown,3864,4,3,2003,0.37,Good,0,2,365912.48033333657
Downtown,3174,3,1,1967,1.2,Excellent,0,0,354397.2760658194
Downtown,1397,5,3,1952,0.64,Good,1,4,301257.3706505307
Downtown,3862,3,3,1956,0.63,Good,0,0,455009.5160829551
Countryside,3136,5,1,1992,0.87,Poor,0,0,333922.16700140585
Countryside,1392,2,1,1987,2.0,Excellent,0,4,243194.9312969686
Suburb,2487,1,2,1986,0.2,Fair,0,1,312642.8900764867
Countryside,1372,3,2,2007,1.2,Excellent,0,2,267805.67511161545
Downtown,2875,3,2,1982,0.26,Good,0,2,318426.1434060304
Suburb,3801,5,3,2008,0.39,Poor,0,0,360064.0357600942
Suburb,2890,2,1,1960,0.94,Excellent,1,4,395175.3810440147
Suburb,2504,2,3,2017,1.07,Excellent,1,3,329783.3673883397
Downtown,3270,5,1,2017,0.59,Good,0,1,323568.583197198
Countryside,976,2,3,1971,0.7,Good,1,0,210514.89378134903
Downtown,1328,4,2,2015,0.27,Excellent,0,2,231992.16287157102
Suburb,2433,1,2,1993,0.68,Good,0,4,321349.31087995775
Downtown,1765,3,2,1955,1.94,Good,0,4,251316.0880576511
Downtown,2317,1,3,1991,1.89,Good,0,0,321997.9269641242
Countryside,997,3,1,1974,0.74,Good,1,3,211269.33192068545
Countryside,3457,4,1,2006,1.18,Good,1,2,323870.99121700553
Suburb,3689,2,2,2004,1.83,Poor,1,0,325053.3558380018
Downtown,1652,5,2,1965,0.11,Good,1,3,315254.6302091788
Downtown,2337,4,2,1963,1.64,Fair,0,4,348874.38958062953
Countryside,2869,1,2,1988,1.9,Excellent,1,1,323457.21564559813
Downtown,3983,5,1,1977,0.27,Poor,0,2,452707.76479023456
Downtown,1880,2,3,2000,0.41,Poor,0,2,250990.72975835358
Downtown,3937,4,3,1998,1.93,Good,1,3,568288.5924489069
Countryside,3689,5,3,1958,1.12,Excellent,0,0,415325.56390105723
Suburb,897,4,3,2007,0.13,Fair,1,4,219927.50847139512
Suburb,2703,4,2,1994,0.59,Good,1,3,308313.8528855926
Downtown,1234,2,2,1971,0.95,Excellent,1,1,237290.46129857225
Suburb,1436,3,2,1981,1.42,Good,1,1,281516.1080733114
Countryside,3957,5,3,2018,1.49,Good,1,1,494233.36600995634
Countryside,1387,2,2,2018,1.99,Good,0,3,242964.44355627146
Suburb,1143,4,2,1991,0.65,Good,1,4,235253.48554279987
Suburb,2117,2,1,2002,1.12,Good,1,2,322806.474808215
Downtown,2779,3,1,2008,1.11,Good,0,0,340935.74723456055
Suburb,1370,5,2,1988,0.87,Good,1,2,254380.80188185856
Downtown,1410,3,1,1964,0.42,Fair,1,4,249405.36530654132
Downtown,2527,1,1,2020,1.96,Poor,0,2,228224.32542101486
Countryside,3090,5,2,1978,1.72,Fair,0,3,352086.3350771171
Countryside,2654,3,2,1952,1.05,Good,1,1,396304.92083195446
Countryside,3408,4,2,1959,1.25,Good,0,4,366997.39868963265
Countryside,1759,5,2,1978,0.53,Fair,1,4,268866.63673756225
Suburb,2879,5,3,1984,1.13,Fair,0,2,357302.02800960303
Countryside,3238,2,3,1955,1.42,Poor,1,3,420814.5033121351
Suburb,3124,4,2,1961,1.08,Fair,1,2,304841.5240492
Countryside,1331,1,1,1987,1.98,Poor,1,2,247691.02822692372
Suburb,1977,3,2,1968,1.26,Good,0,4,323321.9543047581
Downtown,3230,2,2,2016,0.8,Excellent,1,2,338349.9162715756
Suburb,1891,3,1,1957,1.57,Excellent,0,1,285950.3527312863
Suburb,2701,1,3,1957,0.42,Excellent,1,2,314194.67549220205
Countryside,1683,1,2,1996,0.83,Excellent,1,1,248296.0971601222
Suburb,3061,5,2,1953,0.76,Good,1,4,433033.5486477685
Downtown,2478,1,3,2000,0.92,Excellent,1,3,409059.03770881274
Downtown,3223,3,3,2016,1.59,Fair,1,1,326313.5939093253
Countryside,3591,4,1,1994,1.02,Fair,0,3,377674.15903159196
Downtown,3060,4,3,1957,1.61,Excellent,0,3,399532.0660368984
Suburb,2926,5,3,1965,1.2,Fair,0,1,331147.4188205162
Downtown,2549,3,3,2016,0.75,Poor,1,4,308535.45381763286
Countryside,3475,3,1,1958,1.64,Good,1,0,313984.6809888274
Suburb,3451,1,3,2009,0.55,Excellent,0,3,416046.6889780807
Countryside,1581,3,3,2020,0.53,Excellent,1,3,294748.7496733396
Suburb,3848,2,1,1964,1.06,Good,1,4,368558.3276286915
Downtown,3527,1,3,2020,0.6,Fair,1,4,443308.50813096977
Countryside,2905,2,3,1990,0.12,Good,0,2,373294.9486690239
Countryside,3897,5,1,1971,1.33,Good,0,4,442206.40873312094
Suburb,1680,4,2,1973,1.07,Fair,0,3,224654.85553641187
Countryside,1246,5,1,1993,0.95,Good,0,1,246980.176817119
Suburb,2913,4,3,1950,1.94,Fair,0,0,318607.3585759788
Suburb,2583,5,3,1959,1.19,Fair,1,2,312533.4242013074
Suburb,2077,3,3,2021,1.74,Good,1,1,340321.946820634
Suburb,2791,2,1,2005,0.36,Poor,1,0,229594.3872030587
Downtown,1867,4,3,1999,1.18,Fair,1,0,244144.63677107933
Suburb,3968,1,3,1961,1.75,Good,0,0,304907.7737262802
Countryside,2377,2,1,2009,1.21,Fair,0,1,236397.2977126044
Downtown,1811,1,2,1975,1.46,Poor,1,2,212270.0452887321
Countryside,3074,2,2,1990,0.81,Poor,0,2,401889.82392777345
Downtown,1573,2,3,1985,0.28,Excellent,1,0,245981.90413688915
Suburb,3526,5,1,1972,0.97,Fair,1,1,341520.9506335883
Downtown,2614,4,3,1992,0.85,Fair,1,0,300300.21092006646
Downtown,3448,4,1,1955,1.75,Good,1,4,502775.0485335192
Countryside,3226,2,1,2018,0.56,Fair,0,2,327486.84397383506
Countryside,2001,3,2,1992,1.94,Excellent,1,3,311499.0505356011
Suburb,2250,3,2,1974,1.92,Poor,0,0,316259.5390147872
Downtown,3556,1,1,1967,0.57,Poor,1,4,334540.270103618
Downtown,1106,1,3,2011,0.76,Excellent,1,2,217640.9739186606
Downtown,1578,5,2,1962,1.8,Fair,1,1,239820.59102917413
Suburb,3351,2,3,1992,1.94,Fair,1,2,365988.8578460219
Suburb,3115,1,2,1977,0.94,Excellent,0,1,324915.58844963624
Suburb,807,1,2,1967,0.71,Good,1,1,181401.21475768
Suburb,3355,2,3,2008,1.1,Poor,0,0,323015.4987085145
Suburb,1275,5,2,2009,1.41,Excellent,1,0,275765.48383443826
Countryside,2120,1,2,2012,0.62,Excellent,1,2,251610.5694933891
Downtown,3011,5,3,2006,1.5,Fair,1,4,355189.5825406602
Downtown,1284,4,2,2000,0.2,Poor,0,2,189449.4184374486
Downtown,3943,5,2,2005,0.19,Fair,1,3,519053.5454080993
Downtown,3414,3,2,1976,0.83,Excellent,1,1,396233.9139616692
Downtown,1704,3,3,1981,0.77,Good,1,1,295247.11512622586
Downtown,1358,5,1,1958,0.7,Poor,1,0,209627.42240241292
Downtown,2767,3,3,2017,1.03,Excellent,1,4,353198.09523589665
Downtown,3085,4,1,1995,0.71,Excellent,0,0,292488.2705623477
Countryside,1927,2,2,2016,0.47,Good,0,3,253145.5905845941
Downtown,2033,3,1,1975,0.69,Excellent,1,2,269419.24337390566
Countryside,3401,3,3,1957,1.95,Excellent,1,2,383503.4766851419
Suburb,3675,5,3,1955,0.88,Poor,0,4,448303.5229161021
Downtown,1267,4,2,1973,0.94,Poor,1,0,175072.34179435778
Suburb,3233,2,1,1997,1.2,Poor,0,0,330602.006825133
Suburb,3622,5,2,1994,1.97,Fair,1,3,412636.45602547645
Suburb,1647,5,2,1962,0.56,Good,1,2,279902.3924924689
Countryside,3234,4,3,2018,1.39,Poor,0,0,368896.6493576013
Suburb,3724,2,1,1974,1.46,Fair,1,4,365243.0647079452
Suburb,1058,4,1,1969,1.25,Fair,0,2,171921.2587037487
Suburb,1082,2,1,2015,0.27,Good,0,3,201047.0400490184
Downtown,2449,4,1,1994,1.39,Good,0,4,370629.8671954357
Downtown,2698,5,2,1996,0.22,Excellent,1,1,335970.26221865544
Countryside,839,5,2,2012,1.23,Fair,0,3,197390.1070044495
Countryside,3333,1,3,2004,1.51,Poor,0,4,435443.67113523115
Downtown,3776,3,2,1968,0.5,Good,1,0,382889.2635366288
Countryside,3067,4,2,1984,1.7,Fair,1,1,389269.5218581425
Downtown,1814,1,3,2002,0.16,Poor,1,3,230900.5632079643
Suburb,3871,3,3,1975,1.7,Fair,1,0,356829.04219977825
Suburb,1412,4,3,1963,0.97,Good,1,1,264130.8141333096
Countryside,3775,2,2,1994,0.51,Excellent,1,2,438862.3357715176
